experiment,run,run_name,scene,depth_source,aligner,n_frames,voxel_size,time_total_s,accuracy,completeness,chamfer,precision@0.02,recall@0.02,fscore@0.02,precision@0.05,recall@0.05,fscore@0.05,precision@0.1,recall@0.1,fscore@0.1,normal_consistency,rmse,abs_rel,delta1,delta2,delta3
exp0_synthetic_smoke,90000001_gt,gt,90000001,gt,identity,30,0.04,1.0068062865175307,0.01144837960631825,0.1255547469463889,0.06850156327635358,0.912905,0.675695,0.7765898828843006,0.998885,0.71376,0.8325883736559532,1.0,0.739935,0.8505317727386368,0.9884792573788366,0.0,0.0,1.0,1.0,1.0
exp0_synthetic_smoke,90000001_lidar,lidar,90000001,lidar,identity,30,0.04,1.0258031652774662,0.01588844712836716,0.12858226838846631,0.07223535775841673,0.74238,0.58018,0.6513338198645052,0.998645,0.709385,0.8295214759986652,0.999995,0.73715,0.8486871438480956,0.7882947512886196,0.029271237899187775,0.013425573639402253,0.9994969188876855,0.9999411803376249,1.0
exp0_synthetic_smoke,90000001_mono_oracle,mono_oracle,90000001,mono:depth_anything_v2_small,oracle_frame,12,0.04,4.279193290742114,0.07136321031360869,0.3168988161487057,0.1941310132311572,0.21746,0.104175,0.1408671040154212,0.534115,0.22221,0.3138483962582223,0.774365,0.336475,0.46911249752439593,0.9086282350648827,0.11076488553926847,0.049213174669108524,0.9826592339409722,1.0,1.0
exp0_synthetic_smoke,90000001_mono_scene,mono_scene,90000001,mono:depth_anything_v2_small,per_scene,12,0.04,2.4307196688605472,0.1800625970486417,0.39854786846350804,0.2893052327560749,0.033995,0.014445,0.020274887489677953,0.11957,0.04539,0.06580119180407372,0.266665,0.107285,0.15301058711057627,0.8515737517066977,0.2477296871176905,0.13620546943063974,0.8269382052951388,1.0,1.0
exp1_depth_source,42444474_gt,gt,42444474,gt,identity,235,0.04,1.1747541087679565,0.014575562770409752,0.020958246202599947,0.01776690448650485,0.828215,0.757165,0.7910979203408647,0.978085,0.95144,0.9645785282906414,0.99776,0.985135,0.9914073086068601,0.9229673930818989,0.0,0.0,1.0,1.0,1.0
exp1_depth_source,42444474_lidar,lidar,42444474,lidar,identity,235,0.04,1.0497470353730023,0.024981949698686712,0.03187159471305007,0.028426772205868395,0.46463,0.42375,0.44324942592134003,0.93514,0.875785,0.9044897882573822,0.99061,0.980885,0.985723514236658,0.9019246335699511,0.03694704690033136,0.01730573098077444,0.998116554759921,0.9997639231492307,0.9999699399305996
exp1_depth_source,42444474_mono_metric,mono_metric,42444474,mono:depth_anything_v2_metric_indoor,identity,235,0.04,212.8387088542804,0.8421015885406986,0.22191221869437708,0.5320069036175379,0.01244,0.02101,0.015627168908819135,0.044135,0.11102,0.06316093841642229,0.10357,0.261975,0.14845094721580107,0.688010609230541,0.45365191268777766,0.30779477756725615,0.5277402867935431,0.8647851315174763,0.9526361124429855
exp1_depth_source,42444474_mono_oracle,mono_oracle,42444474,mono:depth_anything_v2_large,oracle_frame,235,0.04,219.11256183951627,0.061321701239153543,0.04661387075695611,0.053967785998054824,0.363455,0.379265,0.37119172925193883,0.6815,0.758365,0.7178808395231497,0.839825,0.91472,0.8756740055114004,0.8368857036780356,0.08941182859506025,0.0358065926129793,0.978710305094749,0.9958959474312067,0.99881377628083
exp1_depth_source,42444474_mono_scene,mono_scene,42444474,mono:depth_anything_v2_large,per_scene,235,0.04,208.49009160359856,0.28948877833932335,0.18787048446286478,0.23867963140109405,0.053385,0.064075,0.0582435531244679,0.15115,0.202705,0.1731718401605177,0.301905,0.41972,0.35119505726658584,0.7155601554868452,0.36400959042111924,0.29255012045160894,0.5944177684804205,0.8729148328902907,0.9510788278167882
phase1_gt,42444474_gt_identity_v04_s1,gt_identity_v04_s1,42444474,gt,identity,235,0.04,1.2171553384978324,0.014575562770409752,0.020958246202599947,0.01776690448650485,0.828215,0.757165,0.7910979203408647,0.978085,0.95144,0.9645785282906414,0.99776,0.985135,0.9914073086068601,0.9229673930818989,0.0,0.0,1.0,1.0,1.0
phase1_lidar,42444474_lidar_identity_v04_s1,lidar_identity_v04_s1,42444474,lidar,identity,235,0.04,1.1913295392878354,0.024981949698686712,0.03187159471305007,0.028426772205868395,0.46463,0.42375,0.44324942592134003,0.93514,0.875785,0.9044897882573822,0.99061,0.980885,0.985723514236658,0.9019246335699511,0.03694704690033136,0.01730573098077444,0.998116554759921,0.9997639231492307,0.9999699399305996
phase2_mono,42444474_mono-depth_anything_v2_large_oracle_frame_v04_s1,mono-depth_anything_v2_large_oracle_frame_v04_s1,42444474,mono:depth_anything_v2_large,oracle_frame,235,0.04,216.3907623901032,0.061321701239153543,0.04661387075695611,0.053967785998054824,0.363455,0.379265,0.37119172925193883,0.6815,0.758365,0.7178808395231497,0.839825,0.91472,0.8756740055114004,0.8368857036780356,0.08941182859506025,0.0358065926129793,0.978710305094749,0.9958959474312067,0.99881377628083
phase2_mono,42444474_mono-depth_anything_v2_large_per_scene_v04_s1,mono-depth_anything_v2_large_per_scene_v04_s1,42444474,mono:depth_anything_v2_large,per_scene,235,0.04,209.09801707381848,0.28948877833932335,0.18787048446286478,0.23867963140109405,0.053385,0.064075,0.0582435531244679,0.15115,0.202705,0.1731718401605177,0.301905,0.41972,0.35119505726658584,0.7155601554868452,0.36400959042111924,0.29255012045160894,0.5944177684804205,0.8729148328902907,0.9510788278167882
phase2_mono,42444474_mono-depth_anything_v2_metric_indoor_identity_v04_s1,mono-depth_anything_v2_metric_indoor_identity_v04_s1,42444474,mono:depth_anything_v2_metric_indoor,identity,235,0.04,213.47880941524636,0.8421015885406986,0.22191221869437708,0.5320069036175379,0.01244,0.02101,0.015627168908819135,0.044135,0.11102,0.06316093841642229,0.10357,0.261975,0.14845094721580107,0.688010609230541,0.45365191268777766,0.30779477756725615,0.5277402867935431,0.8647851315174763,0.9526361124429855
